Please schedule REST Stress for Perry Tan at 3PM, Schedule
Please schedule REST Stress for Active Test at 3PM, Schedule
Please schedule REST Stress for Chris Test at 3PM, Schedule
Please schedule REST Stress for DateOfBirthMandatory Test at 3PM, Schedule
Please schedule REST Stress for Miyra Test at 3PM, Schedule
Please schedule REST Stress for Monica Test at 3PM, Schedule
Please schedule REST Stress for New Test at 3PM, Schedule
Please schedule REST Stress for Patient Test at 3PM, Schedule
Please schedule REST Stress for Patient Test at 3PM, Schedule
can you please schedule REST Stress for bahubali anushka at 3PM, Schedule
can you please schedule REST Stress for aoptions aoptions at 3PM, Schedule
can you please schedule REST Stress for aq aq at 3PM, Schedule
can you please schedule REST Stress for afre are at 3PM, Schedule
can you please schedule REST Stress for sa as at 3PM, Schedule
can you please schedule REST Stress for sourav as at 3PM, Schedule
can you please schedule REST Stress for ssa as at 3PM, Schedule
can you please schedule REST Stress for sasas asasas at 3PM, Schedule
can you please schedule REST Stress for as asd at 3PM, Schedule
can you please schedule REST Stress for as asd at 3PM, Schedule
can you please schedule REST Stress for asj asd at 3PM, Schedule
can you please schedule REST Stress for sdf asd at 3PM, Schedule
can you please schedule REST Stress for ZX asda at 3PM, Schedule
can you please schedule REST Stress for ass asdad at 3PM, Schedule
can you please schedule REST Stress for sad asdad at 3PM, Schedule
can you please schedule REST Stress for asd asdas at 3PM, Schedule
can you please schedule REST Stress for pardhu asdasd at 3PM, Schedule
can you please schedule REST Stress for ad asdf at 3PM, Schedule
can you please schedule REST Stress for asd asdf at 3PM, Schedule
can you please schedule REST Stress for dsa asdf at 3PM, Schedule
can you please schedule REST Stress for sou asdf at 3PM, Schedule
can you please schedule REST Stress for dfad asds at 3PM, Schedule
can you please schedule REST Stress for as asfd at 3PM, Schedule
can you please schedule REST Stress for vijaybabu babu at 3PM, Schedule
can you please schedule REST Stress for aaaaaaaaaaaaaaaaaaaaaaaaaaaaaaaaaaaaaaaa bbbbbbbbbbbbbbbbbbbbbbbbbbbbbbbbbbbbbbbb at 3PM, Schedule
can you please schedule REST Stress for apl bpl at 3PM, Schedule
can you please schedule REST Stress for auu bui at 3PM, Schedule
can you please schedule REST Stress for a c at 3PM, Schedule
can you please schedule REST Stress for ab c at 3PM, Schedule
can you please schedule REST Stress for dev c at 3PM, Schedule
can you please schedule REST Stress for fgchfgbn cfnvbc at 3PM, Schedule
can you please schedule REST Stress for Patient check at 3PM, Schedule
can you please schedule REST Stress for test check at 3PM, Schedule
can you please schedule REST Stress for ace craig at 3PM, Schedule
can you please schedule REST Stress for Craig at 3PM, Schedule
Please schedule Rest/Stress MIBI Test for Harry Potter at 3PM, Schedule
Please schedule Rest/Stress MIBI Test for Harry Potter at 3PM, Schedule
Please schedule Rest/Stress MIBI Test for PrH3H Pr9GP at 3PM, Schedule
Please schedule Rest/Stress MIBI Test for Pr01p PrAHz at 3PM, Schedule
Please schedule Rest/Stress MIBI Test for PrdNg PrAiD at 3PM, Schedule
Please schedule Rest/Stress MIBI Test for PrBTL PrAsf at 3PM, Schedule
Please schedule Rest/Stress MIBI Test for Pr02I PrBBQ at 3PM, Schedule
Please schedule Rest/Stress MIBI Test for PrP8o PrCVb at 3PM, Schedule
Please schedule Rest/Stress MIBI Test for PrLvZ PrFb8 at 3PM, Schedule
Please schedule Rest/Stress MIBI Test for PrJJQ PrHPT at 3PM, Schedule
Please schedule Rest/Stress MIBI Test for PrNP0 PrKVX at 3PM, Schedule
Please schedule Rest/Stress MIBI Test for PrUsk PrMhk at 3PM, Schedule
Please schedule Rest/Stress MIBI Test for Prphz PrN11 at 3PM, Schedule
Please schedule Rest/Stress MIBI Test for PryZt PrPaO at 3PM, Schedule
Please schedule Rest/Stress MIBI Test for PrH7y PrQPa at 3PM, Schedule
Please schedule Rest/Stress MIBI Test for PrS1d PrUyF at 3PM, Schedule
Please schedule Rest/Stress MIBI Test for PrvT5 PrXJq at 3PM, Schedule
Please schedule Rest/Stress MIBI Test for PrvQV PrcP8 at 3PM, Schedule
Please schedule Rest/Stress MIBI Test for Pru7v Preqh at 3PM, Schedule
Please schedule Rest/Stress MIBI Test for PrsKl Prh5m at 3PM, Schedule
Please schedule Rest/Stress MIBI Test for Prdcr PrlI9 at 3PM, Schedule
Please schedule Rest/Stress MIBI Test for Pr3gP PrlLf at 3PM, Schedule
Please schedule Rest/Stress MIBI Test for PrlBb Prm7c at 3PM, Schedule
Please schedule Rest/Stress MIBI Test for Pr970 Prmni at 3PM, Schedule
Please schedule Rest/Stress MIBI Test for PrpQD Pro68 at 3PM, Schedule
Please schedule Rest/Stress MIBI Test for PrFQW Prset at 3PM, Schedule
Please schedule Rest/Stress MIBI Test for PrCGZ PrtDg at 3PM, Schedule
Please schedule Rest/Stress MIBI Test for PrxTd Prty6 at 3PM, Schedule
Please schedule Rest/Stress MIBI Test for PrtDf PrzWr at 3PM, Schedule
Please schedule Rest/Stress MIBI Test for PrHb8 Przng at 3PM, Schedule
Please schedule Rest/Stress MIBI Test for Prateek Pt at 3PM, Schedule
Please schedule Rest/Stress MIBI Test for PtntFN PtntLN at 3PM, Schedule
Please schedule Rest/Stress MIBI Test for PtntFN PtntLN at 3PM, Schedule
Please schedule Rest/Stress MIBI Test for Gator Puy at 3PM, Schedule
Please schedule Rest/Stress MIBI Test for s e at 3PM, Schedule
Please schedule Rest/Stress MIBI Test for s e at 3PM, Schedule
Please schedule Rest/Stress MIBI Test for sa e at 3PM, Schedule
Please schedule Rest/Stress MIBI Test for sa e at 3PM, Schedule
Please schedule Rest/Stress MIBI Test for test e at 3PM, Schedule
Please schedule Rest/Stress MIBI Test for test e at 3PM, Schedule
Please schedule Rest/Stress MIBI Test for ahdajkhsd eeu at 3PM, Schedule
Please schedule Rest/Stress MIBI Test for emme emme at 3PM, Schedule
Please schedule Rest/Stress MIBI Test for er er at 3PM, Schedule
Please schedule Rest/Stress MIBI Test for er er at 3PM, Schedule
Please schedule Rest/Stress MIBI Test for wer er at 3PM, Schedule
Please schedule Rest/Stress MIBI Test for error cache testing error cache at 3PM, Schedule
Please schedule Rest/Stress MIBI Test for ert ert at 3PM, Schedule
Please schedule Rest/Stress MIBI Test for rhye ery at 3PM, Schedule
Please schedule Rest/Stress MIBI Test for we ew at 3PM, Schedule
Please schedule Rest/Stress MIBI Test for we ew at 3PM, Schedule
Please schedule Rest/Stress MIBI Test for d f at 3PM, Schedule
Please schedule Rest/Stress MIBI Test for demo f at 3PM, Schedule
Please schedule Rest/Stress MIBI Test for demo f at 3PM, Schedule
Please schedule Rest/Stress MIBI Test for f f at 3PM, Schedule
Please schedule Rest/Stress MIBI Test for ffd f at 3PM, Schedule
Please schedule Rest/Stress MIBI Test for re f at 3PM, Schedule
Please schedule Rest/Stress MIBI Test for sdf fdsdf at 3PM, Schedule
Please schedule Rest/Stress MIBI Test for asacj fdsg at 3PM, Schedule
Please schedule Rest/Stress MIBI Test for ff ff at 3PM, Schedule
Please schedule Rest/Stress MIBI Test for ss ff at 3PM, Schedule
Please schedule Rest/Stress MIBI Test for ggggggg12 fffff at 3PM, Schedule
Please schedule Rest/Stress MIBI Test for da fg at 3PM, Schedule
Please schedule Rest/Stress MIBI Test for fdgsdg fgdf at 3PM, Schedule
Please schedule Rest/Stress MIBI Test for fgfg fgfhg at 3PM, Schedule
Please schedule Rest/Stress MIBI Test for fghdfghdfh fhfghfghfghgf at 3PM, Schedule
Please schedule Rest/Stress MIBI Test for abcdqwertyyuyt fj at 3PM, Schedule
Please schedule Rest/Stress MIBI Test for fsdgfhd fty at 3PM, Schedule
Please schedule Rest/Stress MIBI Test for davi g at 3PM, Schedule
Please schedule Rest/Stress MIBI Test for dd g at 3PM, Schedule
Please schedule Rest/Stress MIBI Test for g g at 3PM, Schedule
Please schedule Rest/Stress MIBI Test for sn g at 3PM, Schedule
Please schedule Rest/Stress MIBI Test for soura gan at 3PM, Schedule
Please schedule Rest/Stress MIBI Test for ganga ganga at 3PM, Schedule
Please schedule Rest/Stress MIBI Test for sourav ganguly at 3PM, Schedule
Please schedule Rest/Stress MIBI Test for ghgfh gfj at 3PM, Schedule
Please schedule Rest/Stress MIBI Test for ggg gg at 3PM, Schedule
Please schedule Rest/Stress MIBI Test for ghg ghgh at 3PM, Schedule
Please schedule Rest/Stress MIBI Test for gfghiuoui ghgjiuolio at 3PM, Schedule
Please schedule Rest/Stress MIBI Test for dsgfg gth at 3PM, Schedule
Please schedule Rest/Stress MIBI Test for pavan guntuku at 3PM, Schedule
Please schedule Rest/Stress MIBI Test for h h at 3PM, Schedule
Please schedule Rest/Stress MIBI Test for w h at 3PM, Schedule
Please schedule Rest/Stress MIBI Test for h hj at 3PM, Schedule
Please schedule Rest/Stress MIBI Test for i i at 3PM, Schedule
Please schedule Rest/Stress MIBI Test for ff j at 3PM, Schedule
Please schedule Rest/Stress MIBI Test for karthik123 jaggu at 3PM, Schedule
Please schedule Rest/Stress MIBI Test for john jd at 3PM, Schedule
Please schedule Rest/Stress MIBI Test for navaddep ji at 3PM, Schedule
Please schedule Rest/Stress MIBI Test for smith jihn at 3PM, Schedule
Please schedule Rest/Stress MIBI Test for k j jo at 3PM, Schedule
Please schedule Rest/Stress MIBI Test for h k at 3PM, Schedule
Please schedule Rest/Stress MIBI Test for h k at 3PM, Schedule
Please schedule Rest/Stress MIBI Test for madhu kanduri at 3PM, Schedule
Please schedule Rest/Stress MIBI Test for madhu kanduri at 3PM, Schedule
Please schedule Rest/Stress MIBI Test for madhu kanduy at 3PM, Schedule
Please schedule Rest/Stress MIBI Test for madhu kanthri at 3PM, Schedule
Please schedule Rest/Stress MIBI Test for karthik katuri at 3PM, Schedule
Please schedule Rest/Stress MIBI Test for hem kh at 3PM, Schedule
Please schedule Rest/Stress MIBI Test for John kinley at 3PM, Schedule
Please schedule Rest/Stress MIBI Test for sandeep kisan at 3PM, Schedule
Please schedule Rest/Stress MIBI Test for asdfasdf kjhbkj at 3PM, Schedule
Please schedule Rest/Stress MIBI Test for asdlkfjkla klasjdfk at 3PM, Schedule
Please schedule Rest/Stress MIBI Test for kl klkl at 3PM, Schedule
Please schedule Rest/Stress MIBI Test for madhu kuamri at 3PM, Schedule
Please schedule Rest/Stress MIBI Test for jhgjh kujhkhj at 3PM, Schedule
Please schedule Rest/Stress MIBI Test for asfaq kumar at 3PM, Schedule
Please schedule Rest/Stress MIBI Test for kalyan reddy kumar at 3PM, Schedule
Please schedule Rest/Stress MIBI Test for kranthi kumar at 3PM, Schedule
Please schedule Rest/Stress MIBI Test for saivijay12 kumar at 3PM, Schedule
Please schedule Rest/Stress MIBI Test for sandeep kumar at 3PM, Schedule
Please schedule Rest/Stress MIBI Test for jaggu kusam at 3PM, Schedule
Please schedule Rest/Stress MIBI Test for helo l at 3PM, Schedule
Please schedule Rest/Stress MIBI Test for fi la at 3PM, Schedule
Please schedule Rest/Stress MIBI Test for first last at 3PM, Schedule
Please schedule Rest/Stress MIBI Test for dev m at 3PM, Schedule
Please schedule Rest/Stress MIBI Test for dev m at 3PM, Schedule
Please schedule Rest/Stress MIBI Test for dev m at 3PM, Schedule
Please schedule Rest/Stress MIBI Test for dev m at 3PM, Schedule
Please schedule Rest/Stress MIBI Test for jai m at 3PM, Schedule
Please schedule Rest/Stress MIBI Test for snehal m at 3PM, Schedule
Please schedule Rest/Stress MIBI Test for dev ma at 3PM, Schedule
Please schedule Rest/Stress MIBI Test for ravichand madala at 3PM, Schedule
Please schedule Rest/Stress MIBI Test for madhu madhu at 3PM, Schedule
Please schedule Rest/Stress MIBI Test for karanth mana at 3PM, Schedule
Please schedule Rest/Stress MIBI Test for padalababu manababu at 3PM, Schedule
Please schedule Rest/Stress MIBI Test for sun mars at 3PM, Schedule
Please schedule Rest/Stress MIBI Test for Test mobile at 3PM, Schedule
Please schedule Rest/Stress MIBI Test for mohafiz mohammed at 3PM, Schedule
Please schedule Rest/Stress MIBI Test for sn n at 3PM, Schedule
Please schedule Rest/Stress MIBI Test for sneh n at 3PM, Schedule
Please schedule Rest/Stress MIBI Test for newRDSFirst newRDSLast at 3PM, Schedule
Please schedule Rest/Stress MIBI Test for patient note at 3PM, Schedule
Please schedule Rest/Stress MIBI Test for tesing notePatient at 3PM, Schedule
Please schedule Rest/Stress MIBI Test for P o at 3PM, Schedule
Please schedule Rest/Stress MIBI Test for dem o at 3PM, Schedule
Please schedule Rest/Stress MIBI Test for ja p at 3PM, Schedule
Please schedule Rest/Stress MIBI Test for s p at 3PM, Schedule
Please schedule Rest/Stress MIBI Test for paddu pADDU at 3PM, Schedule
Please schedule Rest/Stress MIBI Test for chan pada at 3PM, Schedule
Please schedule Rest/Stress MIBI Test for chanti padala at 3PM, Schedule
Please schedule Rest/Stress MIBI Test for chanti padala at 3PM, Schedule
Please schedule Rest/Stress MIBI Test for chanti padala at 3PM, Schedule
Please schedule Rest/Stress MIBI Test for padalaa padalaaa at 3PM, Schedule
Please schedule Rest/Stress MIBI Test for chantibabu padalla at 3PM, Schedule
Please schedule Rest/Stress MIBI Test for test patient at 3PM, Schedule
Please schedule Rest/Stress MIBI Test for bujji penki at 3PM, Schedule
Please schedule Rest/Stress MIBI Test for k po at 3PM, Schedule
Please schedule Rest/Stress MIBI Test for ahmd pot at 3PM, Schedule
Please schedule Rest/Stress MIBI Test for pujari pujari at 3PM, Schedule
Please schedule Rest/Stress MIBI Test for demo q at 3PM, Schedule
Please schedule Rest/Stress MIBI Test for ahdajkhsd qhh at 3PM, Schedule
Please schedule Rest/Stress MIBI Test for ahdajk qt at 3PM, Schedule
Please schedule Rest/Stress MIBI Test for erwqwe qwe at 3PM, Schedule
Please schedule Rest/Stress MIBI Test for test qwert at 3PM, Schedule
Please schedule Rest/Stress MIBI Test for qwerty qwerty at 3PM, Schedule
Please schedule Rest/Stress MIBI Test for qwqw qwq at 3PM, Schedule
Please schedule Rest/Stress MIBI Test for a r at 3PM, Schedule
Please schedule Rest/Stress MIBI Test for da r at 3PM, Schedule
Please schedule Rest/Stress MIBI Test for dave r at 3PM, Schedule
Please schedule Rest/Stress MIBI Test for dev r at 3PM, Schedule
Please schedule Rest/Stress MIBI Test for dg r at 3PM, Schedule
Please schedule Rest/Stress MIBI Test for ds r at 3PM, Schedule
Please schedule Rest/Stress MIBI Test for f r at 3PM, Schedule
Please schedule Rest/Stress MIBI Test for h r at 3PM, Schedule
Please schedule Rest/Stress MIBI Test for he r at 3PM, Schedule
Please schedule Rest/Stress MIBI Test for pra r at 3PM, Schedule
Please schedule Rest/Stress MIBI Test for proc r at 3PM, Schedule
Please schedule Rest/Stress MIBI Test for s r at 3PM, Schedule
Please schedule Rest/Stress MIBI Test for s r at 3PM, Schedule
Please schedule Rest/Stress MIBI Test for s r at 3PM, Schedule
Please schedule Rest/Stress MIBI Test for say r at 3PM, Schedule
Please schedule Rest/Stress MIBI Test for say r at 3PM, Schedule
Please schedule Rest/Stress MIBI Test for sayali r at 3PM, Schedule
Please schedule Rest/Stress MIBI Test for ss r at 3PM, Schedule
Please schedule Rest/Stress MIBI Test for t r at 3PM, Schedule
Please schedule Rest/Stress MIBI Test for t r at 3PM, Schedule
Please schedule Rest/Stress MIBI Test for test r at 3PM, Schedule
Please schedule Rest/Stress MIBI Test for w r at 3PM, Schedule
Please schedule Rest/Stress MIBI Test for ravi787 raggaga at 3PM, Schedule
Please schedule Rest/Stress MIBI Test for ravi787 raggaga at 3PM, Schedule
Please schedule Rest/Stress MIBI Test for kanchi ramapuram at 3PM, Schedule
Please schedule Rest/Stress MIBI Test for raviv ravi at 3PM, Schedule
Please schedule Rest/Stress MIBI Test for sa re at 3PM, Schedule
Please schedule Rest/Stress MIBI Test for saa re at 3PM, Schedule
Please schedule Rest/Stress MIBI Test for say re at 3PM, Schedule
Please schedule Rest/Stress MIBI Test for se re at 3PM, Schedule
Please schedule Rest/Stress MIBI Test for te re at 3PM, Schedule
Please schedule Rest/Stress MIBI Test for saivijay reddy at 3PM, Schedule
Please schedule Rest/Stress MIBI Test for sowmya reddy at 3PM, Schedule
Please schedule Rest/Stress MIBI Test for ritvik rendi at 3PM, Schedule
Please schedule Rest/Stress MIBI Test for matt renshaw at 3PM, Schedule
Please schedule Rest/Stress MIBI Test for dd rr at 3PM, Schedule
Please schedule Rest/Stress MIBI Test for rt rt at 3PM, Schedule
Please schedule Rest/Stress MIBI Test for say rw at 3PM, Schedule
Please schedule Rest/Stress MIBI Test for say rw at 3PM, Schedule
Please schedule Rest/Stress MIBI Test for aa s at 3PM, Schedule
Please schedule Rest/Stress MIBI Test for asd s at 3PM, Schedule
Please schedule Rest/Stress MIBI Test for dd s at 3PM, Schedule
Please schedule Rest/Stress MIBI Test for demo s at 3PM, Schedule
Please schedule Rest/Stress MIBI Test for p s at 3PM, Schedule
Please schedule Rest/Stress MIBI Test for p s at 3PM, Schedule
Please schedule Rest/Stress MIBI Test for pr s at 3PM, Schedule
Please schedule Rest/Stress MIBI Test for pui s at 3PM, Schedule
Please schedule Rest/Stress MIBI Test for rs s at 3PM, Schedule
Please schedule Rest/Stress MIBI Test for ss s at 3PM, Schedule
Please schedule Rest/Stress MIBI Test for test1 s at 3PM, Schedule
Please schedule Rest/Stress MIBI Test for pIYUSH sINGH at 3PM, Schedule
Please schedule Rest/Stress MIBI Test for A sa at 3PM, Schedule
Please schedule Rest/Stress MIBI Test for sa sa at 3PM, Schedule
Please schedule Rest/Stress MIBI Test for sa sa at 3PM, Schedule
Please schedule Rest/Stress MIBI Test for sukanya sachin at 3PM, Schedule
Please schedule Rest/Stress MIBI Test for as sad at 3PM, Schedule
Please schedule Rest/Stress MIBI Test for saddddd sadddd at 3PM, Schedule
Please schedule Rest/Stress MIBI Test for asdf sadf at 3PM, Schedule
Please schedule Rest/Stress MIBI Test for asf sadf at 3PM, Schedule
Please schedule Rest/Stress MIBI Test for prem sagar at 3PM, Schedule
Please schedule Rest/Stress MIBI Test for balaram sangana at 3PM, Schedule
Please schedule Rest/Stress MIBI Test for r say at 3PM, Schedule
Please schedule Rest/Stress MIBI Test for Bryon scott at 3PM, Schedule
Please schedule Rest/Stress MIBI Test for byron scott at 3PM, Schedule
Please schedule Rest/Stress MIBI Test for jjh^^^%%$$ scott at 3PM, Schedule
Please schedule Rest/Stress MIBI Test for scott scott at 3PM, Schedule
Please schedule Rest/Stress MIBI Test for ret sd at 3PM, Schedule
Please schedule Rest/Stress MIBI Test for sd sd at 3PM, Schedule
Please schedule Rest/Stress MIBI Test for sdf sdaf at 3PM, Schedule
Please schedule Rest/Stress MIBI Test for asdf sdf at 3PM, Schedule
Please schedule Rest/Stress MIBI Test for gs sdf at 3PM, Schedule
Please schedule Rest/Stress MIBI Test for sdf sdf at 3PM, Schedule
Please schedule Rest/Stress MIBI Test for sdfsd dfg sdfasd at 3PM, Schedule
Please schedule Rest/Stress MIBI Test for trdf sdfg at 3PM, Schedule
Please schedule Rest/Stress MIBI Test for Avdfv dsfvsdfsd vsdvsd dssdf dsdsd dsfsd sdfsdds dsfsdfsd sdfsdfsd sdfsdfsd sdfsd at 3PM, Schedule
Please schedule Rest/Stress MIBI Test for pppppooo sdfsfsdfdsf at 3PM, Schedule
Please schedule Rest/Stress MIBI Test for esgdfgerg sdgdfg at 3PM, Schedule
Please schedule Rest/Stress MIBI Test for pppp sdsd at 3PM, Schedule
Please schedule Rest/Stress MIBI Test for sddssdfdf sdsd at 3PM, Schedule
Please schedule Rest/Stress MIBI Test for demo sew at 3PM, Schedule
Please schedule Rest/Stress MIBI Test for s sfd at 3PM, Schedule
Please schedule Rest/Stress MIBI Test for dsfg sfg at 3PM, Schedule
Please schedule Rest/Stress MIBI Test for anuj sfs at 3PM, Schedule
Please schedule Rest/Stress MIBI Test for masum shaik at 3PM, Schedule
Please schedule Rest/Stress MIBI Test for akash sharma at 3PM, Schedule
Please schedule Rest/Stress MIBI Test for ansh sharma at 3PM, Schedule
Please schedule Rest/Stress MIBI Test for akash srj at 3PM, Schedule
Please schedule Rest/Stress MIBI Test for ff ss at 3PM, Schedule
Please schedule Rest/Stress MIBI Test for te st at 3PM, Schedule
Please schedule Rest/Stress MIBI Test for string string at 3PM, Schedule
Please schedule Rest/Stress MIBI Test for d sw at 3PM, Schedule
Please schedule Rest/Stress MIBI Test for john swiss at 3PM, Schedule
Please schedule Rest/Stress MIBI Test for sandy syntrac at 3PM, Schedule
Please schedule Rest/Stress MIBI Test for ss t at 3PM, Schedule
Please schedule Rest/Stress MIBI Test for bahaubali2 tamnanna at 3PM, Schedule
Please schedule Rest/Stress MIBI Test for Test teset at 3PM, Schedule
Please schedule Rest/Stress MIBI Test for TestNote test at 3PM, Schedule
Please schedule Rest/Stress MIBI Test for bbbbbbbb test at 3PM, Schedule
Please schedule Rest/Stress MIBI Test for mashum test at 3PM, Schedule
Please schedule Rest/Stress MIBI Test for note test at 3PM, Schedule
Please schedule Rest/Stress MIBI Test for test test at 3PM, Schedule
Please schedule Rest/Stress MIBI Test for TEST01 test01 at 3PM, Schedule
Please schedule Rest/Stress MIBI Test for tester tester at 3PM, Schedule
Please schedule Rest/Stress MIBI Test for tester tester at 3PM, Schedule
Please schedule Rest/Stress MIBI Test for chris testing at 3PM, Schedule
Please schedule Rest/Stress MIBI Test for de tew at 3PM, Schedule
Please schedule Rest/Stress MIBI Test for jones tilly at 3PM, Schedule
Please schedule Rest/Stress MIBI Test for jerry tom at 3PM, Schedule
Please schedule Rest/Stress MIBI Test for rt tr at 3PM, Schedule
Please schedule Rest/Stress MIBI Test for tre tre at 3PM, Schedule
Please schedule Rest/Stress MIBI Test for try try at 3PM, Schedule
Please schedule Rest/Stress MIBI Test for grfdrfgf tryrtyrty at 3PM, Schedule
Please schedule Rest/Stress MIBI Test for s tt at 3PM, Schedule
Please schedule Rest/Stress MIBI Test for efe tygdf at 3PM, Schedule
Please schedule Rest/Stress MIBI Test for iuhio^&%&*&* uohuyfu)(*&*&(+_::><<?> at 3PM, Schedule
Please schedule Rest/Stress MIBI Test for q w at 3PM, Schedule
Please schedule Rest/Stress MIBI Test for test w at 3PM, Schedule
Please schedule Rest/Stress MIBI Test for er we at 3PM, Schedule
Please schedule Rest/Stress MIBI Test for ew we at 3PM, Schedule
Please schedule Rest/Stress MIBI Test for we we at 3PM, Schedule
Please schedule Rest/Stress MIBI Test for we we at 3PM, Schedule
Please schedule Rest/Stress MIBI Test for wer wer at 3PM, Schedule
Please schedule Rest/Stress MIBI Test for dsuyyibwqdwq wqrwerewr wewrf ewrfwe werfwerf werwew at 3PM, Schedule
Please schedule Rest/Stress MIBI Test for se ww at 3PM, Schedule
Please schedule Rest/Stress MIBI Test for cb xcbv at 3PM, Schedule
Please schedule Rest/Stress MIBI Test for xv xcvz at 3PM, Schedule
Please schedule Rest/Stress MIBI Test for abc xyz at 3PM, Schedule
Please schedule Rest/Stress MIBI Test for sa y at 3PM, Schedule
Please schedule Rest/Stress MIBI Test for ss y at 3PM, Schedule
Please schedule Rest/Stress MIBI Test for ss y at 3PM, Schedule
Please schedule Rest/Stress MIBI Test for yu yu at 3PM, Schedule
Please schedule Rest/Stress MIBI Test for yuo yui at 3PM, Schedule
Please schedule Rest/Stress MIBI Test for yuyuy yuyuyuyu at 3PM, Schedule
Please schedule Rest/Stress MIBI Test for zx z at 3PM, Schedule
Please schedule Rest/Stress MIBI Test for zxc zx at 3PM, Schedule
Please schedule Rest/Stress MIBI Test for zxc zxc at 3PM, Schedule
Please schedule Rest/Stress MIBI Test for ED RAAB at 3PM, Schedule
Please schedule Rest/Stress MIBI Test for SAI VIJAY REDDY at 3PM, Schedule
Please schedule Rest/Stress MIBI Test for Rocky Rocky at 3PM, Schedule
Please schedule Rest/Stress MIBI Test for Happy Roy at 3PM, Schedule
Please schedule Rest/Stress MIBI Test for A S at 3PM, Schedule
Please schedule Rest/Stress MIBI Test for Piyush S at 3PM, Schedule
Please schedule Rest/Stress MIBI Test for Piyush S at 3PM, Schedule
Please schedule Rest/Stress MIBI Test for TestMRN S at 3PM, Schedule
Please schedule Rest/Stress MIBI Test for BRYON SCOTT at 3PM, Schedule
Please schedule Rest/Stress MIBI Test for BRYON SCOTT at 3PM, Schedule
Please schedule Rest/Stress MIBI Test for SMAK SMAK at 3PM, Schedule
Please schedule Rest/Stress MIBI Test for Bryon Scott at 3PM, Schedule
Please schedule Rest/Stress MIBI Test for Bryon Scott at 3PM, Schedule
Please schedule Rest/Stress MIBI Test for Bryon Scott at 3PM, Schedule
Please schedule Rest/Stress MIBI Test for bryon Scottie at 3PM, Schedule
Please schedule Rest/Stress MIBI Test for Monica Second at 3PM, Schedule
Please schedule Rest/Stress MIBI Test for New Select at 3PM, Schedule
Please schedule Rest/Stress MIBI Test for Prashant Shelar at 3PM, Schedule
Please schedule Rest/Stress MIBI Test for P Singh at 3PM, Schedule
Please schedule Rest/Stress MIBI Test for P Singh at 3PM, Schedule
Please schedule Rest/Stress MIBI Test for Piyush Singh at 3PM, Schedule
Please schedule Rest/Stress MIBI Test for Dolly Smith at 3PM, Schedule
Please schedule Rest/Stress MIBI Test for George Smith at 3PM, Schedule
Please schedule Rest/Stress MIBI Test for Jane Smith at 3PM, Schedule
Please schedule Rest/Stress MIBI Test for John Smith at 3PM, Schedule
Please schedule Rest/Stress MIBI Test for John Smith at 3PM, Schedule
Please schedule Rest/Stress MIBI Test for frank Smith at 3PM, Schedule
Please schedule Rest/Stress MIBI Test for Nilima Soman at 3PM, Schedule
Please schedule Rest/Stress MIBI Test for Stephen Strange at 3PM, Schedule
Please schedule Rest/Stress MIBI Test for P T at 3PM, Schedule
Please schedule Rest/Stress MIBI Test for Perry Tan at 3PM, Schedule
Please schedule Rest/Stress MIBI Test for Active Test at 3PM, Schedule
Please schedule Rest/Stress MIBI Test for Chris Test at 3PM, Schedule
Please schedule Rest/Stress MIBI Test for DateOfBirthMandatory Test at 3PM, Schedule
Please schedule Rest/Stress MIBI Test for Miyra Test at 3PM, Schedule
Please schedule Rest/Stress MIBI Test for Monica Test at 3PM, Schedule
Please schedule Rest/Stress MIBI Test for New Test at 3PM, Schedule
Please schedule Rest/Stress MIBI Test for Patient Test at 3PM, Schedule
Please schedule Rest/Stress MIBI Test for Patient Test at 3PM, Schedule
Please schedule Rest/Stress MIBI Test for Patient Test at 3PM, Schedule
Please schedule Rest/Stress MIBI Test for Sumathi Test at 3PM, Schedule
Please schedule Rest/Stress MIBI Test for Test Test at 3PM, Schedule
Please schedule Rest/Stress MIBI Test for Test Test at 3PM, Schedule
Please schedule Rest/Stress MIBI Test for Test Test at 3PM, Schedule
Please schedule Rest/Stress MIBI Test for Test Test at 3PM, Schedule
Please schedule Rest/Stress MIBI Test for Test Test at 3PM, Schedule
Please schedule Rest/Stress MIBI Test for Test Test at 3PM, Schedule
Please schedule Rest/Stress MIBI Test for New Test Name at 3PM, Schedule
Please schedule Rest/Stress MIBI Test for Test Test T at 3PM, Schedule
Please schedule Rest/Stress MIBI Test for Test Test2 at 3PM, Schedule
Please schedule Rest/Stress MIBI Test for Test Test5621 at 3PM, Schedule
Please schedule Rest/Stress MIBI Test for Test Test567 at 3PM, Schedule
Please schedule Rest/Stress MIBI Test for DOB TestAfterMerge at 3PM, Schedule
Please schedule Rest/Stress MIBI Test for ABC TestDirectory at 3PM, Schedule
Please schedule Rest/Stress MIBI Test for Patient TestKarthik at 3PM, Schedule
Please schedule Rest/Stress MIBI Test for Monica Testing at 3PM, Schedule
Please schedule Rest/Stress MIBI Test for Monica Testing at 3PM, Schedule
Please schedule Rest/Stress MIBI Test for Patient Testing at 3PM, Schedule
Please schedule Rest/Stress MIBI Test for Pooja Testing at 3PM, Schedule
Please schedule Rest/Stress MIBI Test for Sprint13 Testing at 3PM, Schedule
Please schedule Rest/Stress MIBI Test for Monica Testing 2 at 3PM, Schedule
Please schedule Rest/Stress MIBI Test for Testing DOB Testing DOB at 3PM, Schedule
Please schedule Rest/Stress MIBI Test for Aiyappa Thangal at 3PM, Schedule
Please schedule Rest/Stress MIBI Test for Harry Thomas at 3PM, Schedule
Please schedule Rest/Stress MIBI Test for Sick Tick at 3PM, Schedule
Please schedule Rest/Stress MIBI Test for Just Time at 3PM, Schedule
Please schedule Rest/Stress MIBI Test for Jimmmm Tommmm at 3PM, Schedule
Please schedule Rest/Stress MIBI Test for Jimmmm Tommmm at 3PM, Schedule
Please schedule Rest/Stress MIBI Test for Megan Trainer at 3PM, Schedule
Please schedule Rest/Stress MIBI Test for Mike Tyson at 3PM, Schedule
Please schedule Rest/Stress MIBI Test for   Vader at 3PM, Schedule
Please schedule Rest/Stress MIBI Test for Eric Walker at 3PM, Schedule
Please schedule Rest/Stress MIBI Test for KSR WasteTest at 3PM, Schedule
Please schedule Rest/Stress MIBI Test for Bruc Way at 3PM, Schedule
Please schedule Rest/Stress MIBI Test for Bruce Wayne at 3PM, Schedule
Please schedule Rest/Stress MIBI Test for Hight Weight at 3PM, Schedule
Please schedule Rest/Stress MIBI Test for Lysol Wipes at 3PM, Schedule
Please schedule Rest/Stress MIBI Test for ABCD XYC at 3PM, Schedule
Please schedule Rest/Stress MIBI Test for ABC XYZ at 3PM, Schedule
Please schedule Rest/Stress MIBI Test for AAAA ZZZZ at 3PM, Schedule
Please schedule Rest/Stress MIBI Test for A R Rehman Zyx at 3PM, Schedule
Please schedule Rest/Stress MIBI Test for ak a at 3PM, Schedule
Please schedule Rest/Stress MIBI Test for da a at 3PM, Schedule
Please schedule Rest/Stress MIBI Test for pr a at 3PM, Schedule
Please schedule Rest/Stress MIBI Test for sneh a at 3PM, Schedule
Please schedule Rest/Stress MIBI Test for souravgy a at 3PM, Schedule
Please schedule Rest/Stress MIBI Test for test a at 3PM, Schedule
Please schedule Rest/Stress MIBI Test for aa aa at 3PM, Schedule
Please schedule Rest/Stress MIBI Test for aaz aa at 3PM, Schedule
Please schedule Rest/Stress MIBI Test for sruthi achutha at 3PM, Schedule
Please schedule Rest/Stress MIBI Test for asd ad at 3PM, Schedule
Please schedule Rest/Stress MIBI Test for patientNote again at 3PM, Schedule
Please schedule Rest/Stress MIBI Test for testingnote again at 3PM, Schedule
Please schedule Rest/Stress MIBI Test for testnote again at 3PM, Schedule
Please schedule Rest/Stress MIBI Test for john alexander at 3PM, Schedule
Please schedule Rest/Stress MIBI Test for bahubali anushka at 3PM, Schedule
Please schedule Rest/Stress MIBI Test for aoptions aoptions at 3PM, Schedule
Please schedule Rest/Stress MIBI Test for aq aq at 3PM, Schedule
Please schedule Rest/Stress MIBI Test for afre are at 3PM, Schedule
Please schedule Rest/Stress MIBI Test for sa as at 3PM, Schedule
Please schedule Rest/Stress MIBI Test for sourav as at 3PM, Schedule
Please schedule Rest/Stress MIBI Test for ssa as at 3PM, Schedule
Please schedule Rest/Stress MIBI Test for sasas asasas at 3PM, Schedule
Please schedule Rest/Stress MIBI Test for as asd at 3PM, Schedule
Please schedule Rest/Stress MIBI Test for as asd at 3PM, Schedule
Please schedule Rest/Stress MIBI Test for asj asd at 3PM, Schedule
Please schedule Rest/Stress MIBI Test for sdf asd at 3PM, Schedule
Please schedule Rest/Stress MIBI Test for ZX asda at 3PM, Schedule
Please schedule Rest/Stress MIBI Test for ass asdad at 3PM, Schedule
Please schedule Rest/Stress MIBI Test for sad asdad at 3PM, Schedule
Please schedule Rest/Stress MIBI Test for asd asdas at 3PM, Schedule
Please schedule Rest/Stress MIBI Test for pardhu asdasd at 3PM, Schedule
Please schedule Rest/Stress MIBI Test for ad asdf at 3PM, Schedule
Please schedule Rest/Stress MIBI Test for asd asdf at 3PM, Schedule
Please schedule Rest/Stress MIBI Test for dsa asdf at 3PM, Schedule
Please schedule Rest/Stress MIBI Test for sou asdf at 3PM, Schedule
Please schedule Rest/Stress MIBI Test for dfad asds at 3PM, Schedule
Please schedule Rest/Stress MIBI Test for as asfd at 3PM, Schedule
Please schedule Rest/Stress MIBI Test for vijaybabu babu at 3PM, Schedule
Please schedule Rest/Stress MIBI Test for aaaaaaaaaaaaaaaaaaaaaaaaaaaaaaaaaaaaaaaa bbbbbbbbbbbbbbbbbbbbbbbbbbbbbbbbbbbbbbbb at 3PM, Schedule
Please schedule Rest/Stress MIBI Test for apl bpl at 3PM, Schedule
Please schedule Rest/Stress MIBI Test for auu bui at 3PM, Schedule
Please schedule Rest/Stress MIBI Test for a c at 3PM, Schedule
Please schedule Rest/Stress MIBI Test for ab c at 3PM, Schedule
Please schedule Rest/Stress MIBI Test for dev c at 3PM, Schedule
Please schedule Rest/Stress MIBI Test for fgchfgbn cfnvbc at 3PM, Schedule
Please schedule Rest/Stress MIBI Test for Patient check at 3PM, Schedule
Please schedule Rest/Stress MIBI Test for test check at 3PM, Schedule
Please schedule Rest/Stress MIBI Test for ace craig at 3PM, Schedule
Please schedule Rest/Stress MIBI Test for blank d at 3PM, Schedule
Please schedule Rest/Stress MIBI Test for c d at 3PM, Schedule
Please schedule Rest/Stress MIBI Test for ff d at 3PM, Schedule
Please schedule Rest/Stress MIBI Test for komal d at 3PM, Schedule
Please schedule Rest/Stress MIBI Test for om d at 3PM, Schedule
Please schedule Rest/Stress MIBI Test for r d at 3PM, Schedule
Please schedule Rest/Stress MIBI Test for s d at 3PM, Schedule
Please schedule Rest/Stress MIBI Test for s d at 3PM, Schedule
Please schedule Rest/Stress MIBI Test for s d at 3PM, Schedule
Please schedule Rest/Stress MIBI Test for s d at 3PM, Schedule
Please schedule Rest/Stress MIBI Test for sd d at 3PM, Schedule
Please schedule Rest/Stress MIBI Test for w d at 3PM, Schedule
Please schedule Rest/Stress MIBI Test for ads dafsd at 3PM, Schedule
Please schedule Rest/Stress MIBI Test for testd dd at 3PM, Schedule
Please schedule Rest/Stress MIBI Test for alpha delta at 3PM, Schedule
Please schedule Rest/Stress MIBI Test for saivijay devireddy at 3PM, Schedule
Please schedule Rest/Stress MIBI Test for saivijay devireddy at 3PM, Schedule
Please schedule Rest/Stress MIBI Test for ddf df at 3PM, Schedule
Please schedule Rest/Stress MIBI Test for dfsg dfg at 3PM, Schedule
Please schedule Rest/Stress MIBI Test for dfgdfg44 dfgdfg at 3PM, Schedule
Please schedule Rest/Stress MIBI Test for sdgsdgd dfghdfghdfh at 3PM, Schedule
Please schedule Rest/Stress MIBI Test for asdf dfs at 3PM, Schedule
Please schedule Rest/Stress MIBI Test for dfdsf dfsdf at 3PM, Schedule
Please schedule Rest/Stress MIBI Test for xdfxd dfzs at 3PM, Schedule
Please schedule Rest/Stress MIBI Test for SAI VIJAY1 dgvdg at 3PM, Schedule
Please schedule Rest/Stress MIBI Test for fffffffffffffffffffffffffff drees at 3PM, Schedule
Please schedule Rest/Stress MIBI Test for pp ds at 3PM, Schedule
Please schedule Rest/Stress MIBI Test for sdf dsf at 3PM, Schedule
Please schedule Rest/Stress MIBI Test for a e at 3PM, Schedule
Please schedule Rest/Stress MIBI Test for d e at 3PM, Schedule
Please schedule Rest/Stress MIBI Test for d e at 3PM, Schedule
Please schedule Rest/Stress MIBI Test for da e at 3PM, Schedule
Please schedule Rest/Stress MIBI Test for dd e at 3PM, Schedule
I would like to perform the channel constancy test on dose calibrator, HealthPhysics
I would like to perform the channel constancy test on Atom Lab, HealthPhysics
I would like to perform the Function Check test on Ludlum, HealthPhysics
I would like to perform the Function Check test on Scaler Counter, HealthPhysics
I would like to perform the Efficiency test on Ludlum, HealthPhysics
I would like to perform the Efficiency test on Scaler Counter, HealthPhysics
I would like to perform the Leak Test test using Ludlum, HealthPhysics
I would like to perform the Leak Test test using scaler counter, HealthPhysics
I would like to perform the area survey test using Ludlum, HealthPhysics
I would like to perform the area survey test using Scaler Counter, HealthPhysics
I would like to perform the Wipe survey test using Scaler Counter, HealthPhysics
I would like to perform the Wipe survey test using Ludlum, HealthPhysics
I just performed the channel constancy test on dose calibrator, HealthPhysics
I just performed the channel constancy test on Atom Lab, HealthPhysics
I just performed the Function Check test on Ludlum, HealthPhysics
I just performed the Function Check test on Scaler Counter, HealthPhysics
I just performed the Efficiency test on Ludlum, HealthPhysics
I just performed the Efficiency test on Scaler Counter, HealthPhysics
I just performed the Leak Test test using Ludlum, HealthPhysics
I just performed the Leak Test test using scaler counter, HealthPhysics
I just performed the area survey test using Ludlum, HealthPhysics
I just performed the area survey test using Scaler Counter, HealthPhysics
I just performed the Wipe survey test using Scaler Counter, HealthPhysics
I just performed the Wipe survey test using Ludlum, HealthPhysics
You can perform the channel constancy test on dose calibrator, HealthPhysics
You can perform the channel constancy test on Atom Lab, HealthPhysics
You can perform the Function Check test on Ludlum, HealthPhysics
You can perform the Function Check test on Scaler Counter, HealthPhysics
You can perform the Efficiency test on Ludlum, HealthPhysics
You can perform the Efficiency test on Scaler Counter, HealthPhysics
You can perform the Leak Test test using Ludlum, HealthPhysics
You can perform the Leak Test test using scaler counter, HealthPhysics
You can perform the area survey test using Ludlum, HealthPhysics
You can perform the area survey test using Scaler Counter, HealthPhysics
You can perform the Wipe survey test using Scaler Counter, HealthPhysics
You can perform the Wipe survey test using Ludlum, HealthPhysics
I performed the efficiency test test on Ludlum this morning, HealthPhysics
I performed the channel constancy test on dose calibrator, HealthPhysics
I performed the channel constancy test on Atom Lab, HealthPhysics
I performed the Function Check test on Ludlum, HealthPhysics
I performed the Function Check test on Scaler Counter, HealthPhysics
I performed the Efficiency test on Ludlum, HealthPhysics
I performed the Efficiency test on Scaler Counter, HealthPhysics
I performed the Leak Test test using Ludlum, HealthPhysics
I performed the Leak Test test using scaler counter, HealthPhysics
I performed the area survey test using Ludlum, HealthPhysics
I performed the area survey test using Scaler Counter, HealthPhysics
I performed the Wipe survey test using Scaler Counter, HealthPhysics
I performed the Wipe survey test using Ludlum, HealthPhysics
Gator, Dave dosed 88 Millicurie of F-18 FDG, AssayDose
Doole, Mary dosed 30 Millicurie of Tc-99m Sestamibi, AssayDose
Gator, Dave dosed 15 Millicurie of Tc-99m Sestamibi, AssayDose
Gator, Dave dosed 10 Millicurie of Tc-99m Sestamibi, AssayDose
Doole, Mary dosed 23 Millicurie of Tc-99m Sestamibi, AssayDose
Gator, Dave dosed 15 Millicurie of Tc-99m Sestamibi, AssayDose
Karthik dosed 24 Millicurie of Tc-99m Sestamibi, AssayDose
Doole, Mary dosed 25 Millicurie of Tc-99m Sestamibi, AssayDose
Kanton, John dosed 32 Millicurie of Tc-99m Sestamibi, AssayDose
Doole, Mary dosed 99.4 Millicurie of Tc-99m Sestamibi, AssayDose
Gator, Dave dosed 88 Millicurie of F-18 FDG, AssayDose
Doole, Mary dosed 30 Millicurie of Tc-99m Sestamibi, AssayDose
Gator, Dave dosed 15 Millicurie of Tc-99m Sestamibi, AssayDose
Gator, Dave dosed 10 Millicurie of Tc-99m Sestamibi, AssayDose
Doole, Mary dosed 23 Millicurie of Tc-99m Sestamibi, AssayDose
Gator, Dave dosed 15 Millicurie of Tc-99m Sestamibi, AssayDose
Karthik dosed 24 Millicurie of Tc-99m Sestamibi, AssayDose
Doole, Mary dosed 25 Millicurie of Tc-99m Sestamibi, AssayDose
Kanton, John dosed 32 Millicurie of Tc-99m Sestamibi, AssayDose
Doole, Mary dosed 99.4 Millicurie of Tc-99m Sestamibi, AssayDose
Gator, Dave dosed 88 Millicurie of F-18 FDG, AssayDose
Doole, Mary dosed 30 Millicurie of Tc-99m Sestamibi, AssayDose
Gator, Dave dosed 15 Millicurie of Tc-99m Sestamibi, AssayDose
Gator, Dave dosed 10 Millicurie of Tc-99m Sestamibi, AssayDose
Doole, Mary dosed 23 Millicurie of Tc-99m Sestamibi, AssayDose
Gator, Dave dosed 15 Millicurie of Tc-99m Sestamibi, AssayDose
Karthik dosed 24 Millicurie of Tc-99m Sestamibi, AssayDose
Doole, Mary dosed 25 Millicurie of Tc-99m Sestamibi, AssayDose
Kanton, John dosed 32 Millicurie of Tc-99m Sestamibi, AssayDose
Doole, Mary dosed 99.4 Millicurie of Tc-99m Sestamibi, AssayDose
Gator, Dave dosed 88 Millicurie of F-18 FDG, AssayDose
Doole, Mary dosed 30 Millicurie of Tc-99m Sestamibi, AssayDose
Gator, Dave dosed 15 Millicurie of Tc-99m Sestamibi, AssayDose
Gator, Dave dosed 10 Millicurie of Tc-99m Sestamibi, AssayDose
Doole, Mary dosed 23 Millicurie of Tc-99m Sestamibi, AssayDose
Gator, Dave dosed 15 Millicurie of Tc-99m Sestamibi, AssayDose
Karthik dosed 24 Millicurie of Tc-99m Sestamibi, AssayDose
Doole, Mary dosed 25 Millicurie of Tc-99m Sestamibi, AssayDose
Kanton, John dosed 32 Millicurie of Tc-99m Sestamibi, AssayDose
Doole, Mary dosed 99.4 Millicurie of Tc-99m Sestamibi, AssayDose
Gator, Dave dosed 88 Millicurie of F-18 FDG, AssayDose
Doole, Mary dosed 30 Millicurie of Tc-99m Sestamibi, AssayDose
Gator, Dave dosed 15 Millicurie of Tc-99m Sestamibi, AssayDose
Gator, Dave dosed 10 Millicurie of Tc-99m Sestamibi, AssayDose
Kartik Bhandari dosed 23 Millicurie of Tc-99m Sestamibi, AssayDose
Selva dosed 15 Millicurie of Tc-99m Sestamibi, AssayDose
Karthik dosed 24 Millicurie of Tc-99m Sestamibi, AssayDose
Kartik Bhandari dosed 25 Millicurie of Tc-99m Sestamibi, AssayDose
Kanton, John dosed 32 Millicurie of Tc-99m Sestamibi, AssayDose
Kartik Bhandari dosed 99.4 Millicurie of Tc-99m Sestamibi, AssayDose
Selva dosed 88 Millicurie of F-18 FDG, AssayDose
Kartik Bhandari dosed 30 Millicurie of Tc-99m Sestamibi, AssayDose
Selva dosed 15 Millicurie of Tc-99m Sestamibi, AssayDose
Selva dosed 10 Millicurie of Tc-99m Sestamibi, AssayDose
Kartik Bhandari dosed 23 Millicurie of Tc-99m Sestamibi, AssayDose
Selva dosed 15 Millicurie of Tc-99m Sestamibi, AssayDose
Karthik dosed 24 Millicurie of Tc-99m Sestamibi, AssayDose
Kartik Bhandari dosed 25 Millicurie of Tc-99m Sestamibi, AssayDose
Kanton, John dosed 32 Millicurie of Tc-99m Sestamibi, AssayDose
Kartik Bhandari dosed 99.4 Millicurie of Tc-99m Sestamibi, AssayDose
Selva dosed 88 Millicurie of F-18 FDG, AssayDose
Kartik Bhandari dosed 30 Millicurie of Tc-99m Sestamibi, AssayDose
Selva dosed 15 Millicurie of Tc-99m Sestamibi, AssayDose
Selva dosed 10 Millicurie of Tc-99m Sestamibi, AssayDose
Kartik Bhandari dosed 23 Millicurie of Tc-99m Sestamibi, AssayDose
Selva dosed 15 Millicurie of Tc-99m Sestamibi, AssayDose
Karthik dosed 24 Millicurie of Tc-99m Sestamibi, AssayDose
Kartik Bhandari dosed 25 Millicurie of Tc-99m Sestamibi, AssayDose
Kanton, John dosed 32 Millicurie of Tc-99m Sestamibi, AssayDose
Kartik Bhandari dosed 99.4 Millicurie of Tc-99m Sestamibi, AssayDose